<ROOT>
    <data>
        <record>
            <field name="Country or Area">Germany</field>
            <field name="Year(s)">2095-2100</field>
            <field name="Variant">Medium</field>
            <field name="Value">1.74</field>
        </record>
        <record>
            <field name="Country or Area">Germany</field>
            <field name="Year(s)">2090-2095</field>
            <field name="Variant">Medium</field>
            <field name="Value">1.739</field>
        </record>
        <record>
            <field name="Country or Area">Germany</field>
            <field name="Year(s)">2085-2090</field>
            <field name="Variant">Medium</field>
            <field name="Value">1.737</field>
        </record>
        <record>
            <field name="Country or Area">Germany</field>
            <field name="Year(s)">2080-2085</field>
            <field name="Variant">Medium</field>
            <field name="Value">1.736</field>
        </record>
        <record>
            <field name="Country or Area">Germany</field>
            <field name="Year(s)">2075-2080</field>
            <field name="Variant">Medium</field>
            <field name="Value">1.732</field>
        </record>
        <record>
            <field name="Country or Area">Germany</field>
            <field name="Year(s)">2070-2075</field>
            <field name="Variant">Medium</field>
            <field name="Value">1.727</field>
        </record>
        <record>
            <field name="Country or Area">Germany</field>
            <field name="Year(s)">2065-2070</field>
            <field name="Variant">Medium</field>
            <field name="Value">1.722</field>
        </record>
        <record>
            <field name="Country or Area">Germany</field>
            <field name="Year(s)">2060-2065</field>
            <field name="Variant">Medium</field>
            <field name="Value">1.717</field>
        </record>
        <record>
            <field name="Country or Area">Germany</field>
            <field name="Year(s)">2055-2060</field>
            <field name="Variant">Medium</field>
            <field name="Value">1.708</field>
        </record>
        <record>
            <field name="Country or Area">Germany</field>
            <field name="Year(s)">2050-2055</field>
            <field name="Variant">Medium</field>
            <field name="Value">1.702</field>
        </record>
        <record>
            <field name="Country or Area">Germany</field>
            <field name="Year(s)">2045-2050</field>
            <field name="Variant">Medium</field>
            <field name="Value">1.691</field>
        </record>
        <record>
            <field name="Country or Area">Germany</field>
            <field name="Year(s)">2040-2045</field>
            <field name="Variant">Medium</field>
            <field name="Value">1.68</field>
        </record>
        <record>
            <field name="Country or Area">Germany</field>
            <field name="Year(s)">2035-2040</field>
            <field name="Variant">Medium</field>
            <field name="Value">1.668</field>
        </record>
        <record>
            <field name="Country or Area">Germany</field>
            <field name="Year(s)">2030-2035</field>
            <field name="Variant">Medium</field>
            <field name="Value">1.651</field>
        </record>
        <record>
            <field name="Country or Area">Germany</field>
            <field name="Year(s)">2025-2030</field>
            <field name="Variant">Medium</field>
            <field name="Value">1.632</field>
        </record>
        <record>
            <field name="Country or Area">Germany</field>
            <field name="Year(s)">2020-2025</field>
            <field name="Variant">Medium</field>
            <field name="Value">1.612</field>
        </record>
        <record>
            <field name="Country or Area">Germany</field>
            <field name="Year(s)">2015-2020</field>
            <field name="Variant">Medium</field>
            <field name="Value">1.586</field>
        </record>
        <record>
            <field name="Country or Area">Germany</field>
            <field name="Year(s)">2010-2015</field>
            <field name="Variant">Medium</field>
            <field name="Value">1.427</field>
        </record>
        <record>
            <field name="Country or Area">Germany</field>
            <field name="Year(s)">2005-2010</field>
            <field name="Variant">Medium</field>
            <field name="Value">1.362</field>
        </record>
        <record>
            <field name="Country or Area">Germany</field>
            <field name="Year(s)">2000-2005</field>
            <field name="Variant">Medium</field>
            <field name="Value">1.351</field>
        </record>
        <record>
            <field name="Country or Area">Germany</field>
            <field name="Year(s)">1995-2000</field>
            <field name="Variant">Medium</field>
            <field name="Value">1.346</field>
        </record>
        <record>
            <field name="Country or Area">Germany</field>
            <field name="Year(s)">1990-1995</field>
            <field name="Variant">Medium</field>
            <field name="Value">1.301</field>
        </record>
        <record>
            <field name="Country or Area">Germany</field>
            <field name="Year(s)">1985-1990</field>
            <field name="Variant">Medium</field>
            <field name="Value">1.43</field>
        </record>
        <record>
            <field name="Country or Area">Germany</field>
            <field name="Year(s)">1980-1985</field>
            <field name="Variant">Medium</field>
            <field name="Value">1.464</field>
        </record>
        <record>
            <field name="Country or Area">Germany</field>
            <field name="Year(s)">1975-1980</field>
            <field name="Variant">Medium</field>
            <field name="Value">1.508</field>
        </record>
        <record>
            <field name="Country or Area">Germany</field>
            <field name="Year(s)">1970-1975</field>
            <field name="Variant">Medium</field>
            <field name="Value">1.708</field>
        </record>
        <record>
            <field name="Country or Area">Germany</field>
            <field name="Year(s)">1965-1970</field>
            <field name="Variant">Medium</field>
            <field name="Value">2.361</field>
        </record>
        <record>
            <field name="Country or Area">Germany</field>
            <field name="Year(s)">1960-1965</field>
            <field name="Variant">Medium</field>
            <field name="Value">2.474</field>
        </record>
        <record>
            <field name="Country or Area">Germany</field>
            <field name="Year(s)">1955-1960</field>
            <field name="Variant">Medium</field>
            <field name="Value">2.274</field>
        </record>
        <record>
            <field name="Country or Area">Germany</field>
            <field name="Year(s)">1950-1955</field>
            <field name="Variant">Medium</field>
            <field name="Value">2.128</field>
        </record>
    </data>
</ROOT>