<ROOT>
    <data>
        <record>
            <field name="Country or Area">Germany</field>
            <field name="Year(s)">2095-2100</field>
            <field name="Variant">Medium</field>
            <field name="Value">2.089</field>
        </record>
        <record>
            <field name="Country or Area">Germany</field>
            <field name="Year(s)">2090-2095</field>
            <field name="Variant">Medium</field>
            <field name="Value">2.088</field>
        </record>
        <record>
            <field name="Country or Area">Germany</field>
            <field name="Year(s)">2085-2090</field>
            <field name="Variant">Medium</field>
            <field name="Value">2.084</field>
        </record>
        <record>
            <field name="Country or Area">Germany</field>
            <field name="Year(s)">2080-2085</field>
            <field name="Variant">Medium</field>
            <field name="Value">2.076</field>
        </record>
        <record>
            <field name="Country or Area">Germany</field>
            <field name="Year(s)">2075-2080</field>
            <field name="Variant">Medium</field>
            <field name="Value">2.063</field>
        </record>
        <record>
            <field name="Country or Area">Germany</field>
            <field name="Year(s)">2070-2075</field>
            <field name="Variant">Medium</field>
            <field name="Value">2.049</field>
        </record>
        <record>
            <field name="Country or Area">Germany</field>
            <field name="Year(s)">2065-2070</field>
            <field name="Variant">Medium</field>
            <field name="Value">2.033</field>
        </record>
        <record>
            <field name="Country or Area">Germany</field>
            <field name="Year(s)">2060-2065</field>
            <field name="Variant">Medium</field>
            <field name="Value">2.013</field>
        </record>
        <record>
            <field name="Country or Area">Germany</field>
            <field name="Year(s)">2055-2060</field>
            <field name="Variant">Medium</field>
            <field name="Value">1.989</field>
        </record>
        <record>
            <field name="Country or Area">Germany</field>
            <field name="Year(s)">2050-2055</field>
            <field name="Variant">Medium</field>
            <field name="Value">1.962</field>
        </record>
        <record>
            <field name="Country or Area">Germany</field>
            <field name="Year(s)">2045-2050</field>
            <field name="Variant">Medium</field>
            <field name="Value">1.936</field>
        </record>
        <record>
            <field name="Country or Area">Germany</field>
            <field name="Year(s)">2040-2045</field>
            <field name="Variant">Medium</field>
            <field name="Value">1.909</field>
        </record>
        <record>
            <field name="Country or Area">Germany</field>
            <field name="Year(s)">2035-2040</field>
            <field name="Variant">Medium</field>
            <field name="Value">1.888</field>
        </record>
        <record>
            <field name="Country or Area">Germany</field>
            <field name="Year(s)">2030-2035</field>
            <field name="Variant">Medium</field>
            <field name="Value">1.876</field>
        </record>
        <record>
            <field name="Country or Area">Germany</field>
            <field name="Year(s)">2025-2030</field>
            <field name="Variant">Medium</field>
            <field name="Value">1.791</field>
        </record>
        <record>
            <field name="Country or Area">Germany</field>
            <field name="Year(s)">2020-2025</field>
            <field name="Variant">Medium</field>
            <field name="Value">1.727</field>
        </record>
        <record>
            <field name="Country or Area">Germany</field>
            <field name="Year(s)">2015-2020</field>
            <field name="Variant">Medium</field>
            <field name="Value">6.569</field>
        </record>
        <record>
            <field name="Country or Area">Germany</field>
            <field name="Year(s)">2010-2015</field>
            <field name="Variant">Medium</field>
            <field name="Value">4.769</field>
        </record>
        <record>
            <field name="Country or Area">Germany</field>
            <field name="Year(s)">2005-2010</field>
            <field name="Variant">Medium</field>
            <field name="Value">0.106</field>
        </record>
        <record>
            <field name="Country or Area">Germany</field>
            <field name="Year(s)">2000-2005</field>
            <field name="Variant">Medium</field>
            <field name="Value">2.023</field>
        </record>
        <record>
            <field name="Country or Area">Germany</field>
            <field name="Year(s)">1995-2000</field>
            <field name="Variant">Medium</field>
            <field name="Value">1.762</field>
        </record>
        <record>
            <field name="Country or Area">Germany</field>
            <field name="Year(s)">1990-1995</field>
            <field name="Variant">Medium</field>
            <field name="Value">6.563</field>
        </record>
        <record>
            <field name="Country or Area">Germany</field>
            <field name="Year(s)">1985-1990</field>
            <field name="Variant">Medium</field>
            <field name="Value">4.297</field>
        </record>
        <record>
            <field name="Country or Area">Germany</field>
            <field name="Year(s)">1980-1985</field>
            <field name="Variant">Medium</field>
            <field name="Value">0</field>
        </record>
        <record>
            <field name="Country or Area">Germany</field>
            <field name="Year(s)">1975-1980</field>
            <field name="Variant">Medium</field>
            <field name="Value">0.583</field>
        </record>
        <record>
            <field name="Country or Area">Germany</field>
            <field name="Year(s)">1970-1975</field>
            <field name="Variant">Medium</field>
            <field name="Value">1.783</field>
        </record>
        <record>
            <field name="Country or Area">Germany</field>
            <field name="Year(s)">1965-1970</field>
            <field name="Variant">Medium</field>
            <field name="Value">2.251</field>
        </record>
        <record>
            <field name="Country or Area">Germany</field>
            <field name="Year(s)">1960-1965</field>
            <field name="Variant">Medium</field>
            <field name="Value">1.789</field>
        </record>
        <record>
            <field name="Country or Area">Germany</field>
            <field name="Year(s)">1955-1960</field>
            <field name="Variant">Medium</field>
            <field name="Value">0.11</field>
        </record>
        <record>
            <field name="Country or Area">Germany</field>
            <field name="Year(s)">1950-1955</field>
            <field name="Variant">Medium</field>
            <field name="Value">-0.119</field>
        </record>
    </data>
</ROOT>